Martin,Becker,(832) 314-1099,E9A 0M5
Mollie,Doyle,(425) 503-9884,X4R 3K2
Lela,Smith,(402) 830-6616,B7E 4K6
Lina,Rowe,(511) 658-9180,P1E 1W8
Clifford,McCarthy,(906) 691-3178,G6K 2C9
Josie,Briggs,(303) 534-3407,T8C 7N8
Edgar,Ball,(529) 426-2780,X3Z 3I5
Warren,Chambers,(471) 886-2578,H4E 5Z5
Hallie,McGuire,(437) 867-7387,S4D 2C1
Betty,Francis,(430) 608-9932,N4D 6O7
Connor,Blake,(415) 504-1970,T8V 8W6
Bessie,Sparks,(747) 475-7314,V8D 5Y0
Estelle,Alvarez,(551) 989-3343,A6M 3C6
Timothy,Matthews,(307) 983-8567,G5W 9P6
Anne,Little,(332) 788-6311,K0R 7X3
Landon,Pearson,(483) 458-4616,G8B 1B5
Blanche,Norton,(879) 237-1575,J9Q 6C8
David,Fitzgerald,(283) 320-3529,K9H 7Y9
Myrtie,French,(461) 849-3730,G0R 5X8
Herbert,Turner,(533) 340-1652,N5A 3M0
Rose,Henry,(302) 410-8086,M9D 9U0
Florence,McBride,(321) 828-7286,A5K 1M5
Winifred,Maldonado,(938) 503-6515,B5S 0L8
Brent,Hawkins,(746) 317-9412,G0N 2U3
Bernice,Walters,(500) 942-8077,R0Y 5R2
Hallie,Pratt,(447) 359-9498,X0O 1I7
Millie,Santiago,(259) 263-2267,E8Z 4M4
Jesse,Swanson,(329) 734-3121,V9O 9Y8
Elva,Stanley,(769) 887-7097,L8W 5I3
Logan,Marshall,(983) 417-2487,L1D 3F0
Alfred,Wallace,(769) 475-2207,C7I 5U5
Nancy,Sparks,(781) 845-4006,T9N 4T3
Mathilda,Rhodes,(358) 314-7661,A0O 6C1
Adeline,Bates,(946) 209-4158,E6T 1K7
Ernest,Rios,(736) 319-7307,P6R 6Q1
Lena,Hunter,(823) 519-4345,X1S 4E9
William,Harvey,(226) 884-3265,A4B 5W9
Glenn,Collier,(770) 849-6548,K8C 2G9
Terry,Atkins,(830) 832-8256,J9R 0Q9
Jack,Williamson,(252) 925-6293,M8V 8O2
Mason,Holt,(370) 234-9878,X2H 5B3
Earl,Anderson,(655) 553-1551,B8U 2D3
Polly,White,(602) 660-9400,T0I 8L6
Kathryn,Garcia,(406) 975-4020,E6U 4Y0
Barbara,Greer,(734) 913-4446,B6T 0M5
Cornelia,Schneider,(882) 781-8745,A9O 5K6
Catherine,Wallace,(650) 261-2892,K5M 2Y9
Madge,Banks,(302) 325-9147,P3F 6Y8
Allen,Jackson,(380) 817-8412,M5U 4E0
Jose,Bowman,(957) 389-1051,J4I 8I2
Vincent,Bishop,(389) 930-7881,S3S 6R5
Brent,Pratt,(224) 621-3794,N8R 5P5
Georgie,McCormick,(370) 939-6214,V4L 2C2
Barbara,Colon,(468) 698-4739,V7S 9L2
Pauline,Barker,(228) 727-8990,J9N 8L5
Elva,Hughes,(608) 410-3302,H4Z 6E6
Tom,Wells,(963) 286-7433,B2W 1R1
Alma,Russell,(403) 724-2057,H5V 8U4
Claudia,Moore,(375) 546-3205,B4G 4R2
Christine,Jackson,(564) 569-3476,V3Z 2I9
Francis,Morales,(240) 266-9449,N4C 5U6
Ray,Frank,(748) 883-2280,M3U 5Q7
Bertie,Sims,(448) 889-9677,T6Y 3Y9
Edgar,Horton,(901) 897-2513,H6G 2Y6
Pauline,Lopez,(439) 843-9511,X1Q 7W6
Brian,Hill,(543) 205-5213,L0E 7X9
Jorge,Jones,(882) 228-8477,V5Q 7L4
Raymond,Hogan,(259) 755-3701,V7U 8L6
Steven,Lane,(279) 681-6484,G1Q 4L2
Ernest,Ellis,(966) 750-8816,T7N 8O8
Brent,Brown,(938) 534-5348,B8Y 3Q2
Laura,Page,(285) 427-3894,G5F 0R2
Brian,Rowe,(826) 395-3318,S8N 2B3
Elva,Chambers,(388) 623-8599,P2K 1K9
Devin,Thornton,(241) 229-8382,K1H 2E2
Willie,Fox,(315) 988-6467,G2K 0J2
Chase,Marsh,(452) 348-4569,L8V 7H1
Lura,Poole,(283) 423-1823,B2P 4F5
Aaron,Holland,(641) 799-3828,H3L 2X8
Gilbert,McLaughlin,(519) 444-7628,J6N 6P2
Pearl,Singleton,(978) 424-2671,P7T 8W2
Melvin,Moreno,(436) 423-1026,A3A 6M9
Marion,West,(446) 589-6800,B4X 8F8
Timothy,Day,(514) 806-6101,X6C 1E4
Bernard,Meyer,(951) 915-1985,M3S 9M8
Garrett,Rodriquez,(344) 339-2887,K9M 1Z5
Sarah,Lopez,(265) 724-7089,T9Y 1G1
Leonard,Olson,(683) 859-8076,P7J 9B7
Gabriel,Powers,(974) 375-6724,C7D 3G8
Louise,Mann,(583) 996-2808,A2X 4V1
Jordan,Harvey,(902) 211-2188,V2M 3X6
Alan,McGuire,(285) 931-1486,M6E 2S7
Clarence,Miles,(219) 663-4709,J1P 9U5
Kate,Mitchell,(228) 877-4530,T9T 3Q9
Darrell,Peterson,(350) 997-5246,R5L 3V2
Joel,Clarke,(583) 907-1865,E6Z 7M5
Claudia,Delgado,(527) 451-3320,V4U 7B8
Jonathan,Woods,(343) 962-1953,G7Y 9A1
Alta,Gross,(763) 501-5995,C5P 2V7
Frances,Fuller,(203) 480-6231,V0T 0T8
