Renault,et,2019,76394
Citroen,orci,2020,76006
General Motors,at,2019,71835
Renault,orci,2018,52782
BMW,aliquet,2020,47095
Citroen,eu,2019,85483
Mahindra and Mahindra,consectetuer,2019,75049
Dodge,magnis,2019,67228
Maruti Suzuki,erat,2019,39866
Dongfeng Motor,Nam,2019,34347
Chrysler,diam,2019,30041
Renault,lorem,2020,53256
FAW,sociosqu,2019,34983
Mitsubishi Motors,Nullam,2020,11102
JLR,Donec,2019,89237
RAM Trucks,Vivamus,2020,26977
Fiat,euismod,2020,84202
Jeep,ultrices,2019,96376
Lincoln,est,2020,48690
Vauxhall,sapien,2019,42844
Lexus,semper,2019,54168
Renault,sit,2018,43302
Mitsubishi Motors,sit,2019,99238
Hyundai Motors,In,2020,48707
FAW,at,2019,96980
Chevrolet,Nam,2019,91636
Dongfeng Motor,gravida,2019,43466
Kenworth,volutpat,2018,48032
Mercedes,non,2019,99950
Mazda,cursus,2020,84395
BMW,Curabitur,2020,61631
RAM Trucks,Fusce,2019,93848
Mitsubishi Motors,eu,2019,50289
Audi,Morbi,2019,44113
Nissan,in,2020,24770
Maruti Suzuki,est,2018,62947
Dongfeng Motor,augue,2019,21696
Dodge,pretium,2019,41805
Volkswagen,aliquam,2020,53982
Vauxhall,Etiam,2019,47319
Nissan,eu,2019,87004
Renault,Morbi,2019,91912
Isuzu,sed,2020,33884
Toyota,id,2020,86032
Suzuki,dignissim,2020,89465
Toyota,et,2019,33637
Renault,Ut,2018,59488
Acura,nisi,2019,17440
Chevrolet,neque,2020,14928
GMC,velit,2020,26783
General Motors,dictum,2019,40527
Chevrolet,vitae,2020,27791
Nissan,nulla,2019,78984
Honda,est,2020,27611
Dacia,molestie,2019,65060
Acura,ipsum,2020,60883
Volvo,metus,2019,17078
MINI,pede,2020,58849
MINI,mauris,2019,45556
Mercedes,leo,2019,66941
Buick,velit,2020,67711
Kia Motors,Cras,2019,50656
FAW,eu,2020,97321
FAW,malesuada,2020,22585
Vauxhall,magna,2020,61597
Suzuki,leo,2020,60105
Lexus,ut,2020,78359
Suzuki,pulvinar,2020,79650
Lincoln,arcu,2019,43669
Porsche,Aliquam,2018,73106
Lincoln,mollis,2020,84961
Nissan,massa,2020,30123
Vauxhall,Curabitur,2020,70314
GMC,libero,2020,28722
Porsche,porta,2019,33276
Chrysler,vestibulum,2020,32459
Ford,ultricies,2020,28189
Mercedes,non,2020,32552
Smart,turpis,2020,54841
Acura,ornare,2020,73860
Nissan,mi,2020,94483
Maruti Suzuki,malesuada,2020,44449
Audi,ullamcorper,2020,78510
Volvo,euismod,2019,41074
Audi,vestibulum,2019,11797
GMC,ligula,2019,41059
MINI,sem,2020,24097
Chrysler,nisi,2019,56722
RAM Trucks,consequat,2020,17093
Mercedes,a,2020,98277
Chevrolet,Proin,2019,71649
Volkswagen,ac,2020,88348
Cadillac,rutrum,2019,90729
Volvo,justo,2020,52556
Mazda,iaculis,2020,51653
Mahindra and Mahindra,tempor,2020,25193
Toyota,senectus,2019,26185
Porsche,lacinia,2019,84630
Daihatsu,suscipit,2019,79133
Smart,Cum,2020,79665
